Workbook

Sheet Risk Register
A1: Asset ID | B1: Asset Name | C1: Threat Scenario | D1: Likelihood (1-5) | E1: Impact (1-5) | F1: Risk Score | G1: Risk Level
A2: A-01 | B2: Customer Database | C2: Data Exfiltration / SQL Injection | D2: 4 | E2: 5 | F2: =D2*E2 -> 20 | G2: =IF(F2>='Risk Scale'!$B$25,"Critical",IF(F2>='Risk Scale'!$B$24,"High",IF(F2>='Risk Scale'!$B$23,"Medium","Low"))) -> Critical
A3: A-02 | B3: Mobile Banking App | C3: Account Takeover / Phishing & API Exploitation | D3: 5 | E3: 5 | F3: =D3*E3 -> 25 | G3: =IF(F3>='Risk Scale'!$B$25,"Critical",IF(F3>='Risk Scale'!$B$24,"High",IF(F3>='Risk Scale'!$B$23,"Medium","Low"))) -> Critical
A4: A-03 | B4: Payment Gateway | C4: Transaction Tampering & Man-in-the-Middle | D4: 3 | E4: 5 | F4: =D4*E4 -> 15 | G4: =IF(F4>='Risk Scale'!$B$25,"Critical",IF(F4>='Risk Scale'!$B$24,"High",IF(F4>='Risk Scale'!$B$23,"Medium","Low"))) -> High
A5: A-04 | B5: Payment Service Provider | C5: Service Disruption & Vendor Data Breach | D5: 3 | E5: 4 | F5: =D5*E5 -> 12 | G5: =IF(F5>='Risk Scale'!$B$25,"Critical",IF(F5>='Risk Scale'!$B$24,"High",IF(F5>='Risk Scale'!$B$23,"Medium","Low"))) -> Medium
A6: A-05 | B6: Financial Records | C6: Insider Fraud & Unauthorized Modification | D6: 2 | E6: 4 | F6: =D6*E6 -> 8 | G6: =IF(F6>='Risk Scale'!$B$25,"Critical",IF(F6>='Risk Scale'!$B$24,"High",IF(F6>='Risk Scale'!$B$23,"Medium","Low"))) -> Medium
A7: A-06 | B7: Cloud Hosting Environment | C7: Cloud Misconfiguration & Resource Hijacking | D7: 4 | E7: 5 | F7: =D7*E7 -> 20 | G7: =IF(F7>='Risk Scale'!$B$25,"Critical",IF(F7>='Risk Scale'!$B$24,"High",IF(F7>='Risk Scale'!$B$23,"Medium","Low"))) -> Critical
A8: A-07 | B8: Customer Identity Data | C8: Bulk Identity Theft / Data Leakage | D8: 3 | E8: 5 | F8: =D8*E8 -> 15 | G8: =IF(F8>='Risk Scale'!$B$25,"Critical",IF(F8>='Risk Scale'!$B$24,"High",IF(F8>='Risk Scale'!$B$23,"Medium","Low"))) -> High
A9: A-08 | B9: Card Data | C9: Credit Card Fraud & Skimming via API | D9: 4 | E9: 5 | F9: =D9*E9 -> 20 | G9: =IF(F9>='Risk Scale'!$B$25,"Critical",IF(F9>='Risk Scale'!$B$24,"High",IF(F9>='Risk Scale'!$B$23,"Medium","Low"))) -> Critical
A10: A-09 | B10: Transaction History | C10: Log Modification / Fraud Cover-up | D10: 2 | E10: 4 | F10: =D10*E10 -> 8 | G10: =IF(F10>='Risk Scale'!$B$25,"Critical",IF(F10>='Risk Scale'!$B$24,"High",IF(F10>='Risk Scale'!$B$23,"Medium","Low"))) -> Medium
A11: A-10 | B11: Know Your Customer System | C11: Identity Spoofing & Synthetic Creation | D11: 3 | E11: 4 | F11: =D11*E11 -> 12 | G11: =IF(F11>='Risk Scale'!$B$25,"Critical",IF(F11>='Risk Scale'!$B$24,"High",IF(F11>='Risk Scale'!$B$23,"Medium","Low"))) -> Medium
A12: A-11 | B12: Core Banking System | C12: DDoS & Ransomware Attack | D12: 3 | E12: 5 | F12: =D12*E12 -> 15 | G12: =IF(F12>='Risk Scale'!$B$25,"Critical",IF(F12>='Risk Scale'!$B$24,"High",IF(F12>='Risk Scale'!$B$23,"Medium","Low"))) -> High
A13: A-12 | B13: Corporate Network and Firewalls | C13: Traffic Interception & Perimeter Breach | D13: 3 | E13: 4 | F13: =D13*E13 -> 12 | G13: =IF(F13>='Risk Scale'!$B$25,"Critical",IF(F13>='Risk Scale'!$B$24,"High",IF(F13>='Risk Scale'!$B$23,"Medium","Low"))) -> Medium
... A21: A-20 | B21: Cloud Service Provider (CSP) | C21: Provider Outage & Supply Chain Attack | D21: 2 | E21: 4 | F21: =D21*E21 -> 8 | G21: =IF(F21>='Risk Scale'!$B$25,"Critical",IF(F21>='Risk Scale'!$B$24,"High",IF(F21>='Risk Scale'!$B$23,"Medium","Low"))) -> Medium

Sheet Risk Scale
A1: Risk Scale and Methodology
A2: Risk Score = Likelihood x Impact. Both are rated from 1 to 5. Risk levels use the bands in section 3 (the Risk Register reads them from this sheet).
A4: 1. Likelihood
A5: Score | B5: Level | C5: Meaning
A6: 1 | B6: Rare | C6: Unlikely to happen in 5+ years
A7: 2 | B7: Unlikely | C7: May happen once in 3 to 5 years
A8: 3 | B8: Possible | C8: May happen once in 1 to 3 years
A9: 4 | B9: Likely | C9: May happen about once a year
A10: 5 | B10: Almost certain | C10: Expected several times a year
A12: 2. Impact
A13: Score | B13: Level | C13: Meaning
A14: 1 | B14: Negligible | C14: No financial loss and no service impact
A15: 2 | B15: Minor | C15: Limited disruption, small loss, no regulator attention
A16: 3 | B16: Moderate | C16: Noticeable service disruption or loss
A17: 4 | B17: Major | C17: Significant loss, long disruption, regulatory scrutiny
A18: 5 | B18: Severe | C18: Large-scale loss of funds or data, all services down, regulatory penalties
A20: 3. Risk Levels
A21: Level | B21: Minimum score | C21: Maximum score
A22: Low | B22: 1 | C22: 7
A23: Medium | B23: 8 | C23: 14
A24: High | B24: 15 | C24: 19
A25: Critical | B25: 20 | C25: 25
A27: Note: the likelihood and impact definitions above are the assumptions of this project for the fictional bank Banki.
